indicator,alert_percentile,alarm_percentile,alert_tukey,alarm_tukey,retention_filter,season_scope,baseline_method,country,q1_median,q3_median,median_iqr,alert_zscore,alarm_zscore
rainfall-mm,-1.0,-2.0,,,none,All Months,none,Afghanistan,,,,,
ndvi_absolute,0.41325148135692,-0.8316053730868168,-1.3845922701763786,-1.8433869933931692,none,All Months,none,Afghanistan,-0.46700282374279783,0.5075403360131726,0.9175894464335809,-0.9787730059583192,-1.9575460119166384
ndvi_absolute,0.41325148135692,-0.8316053730868168,-1.3845922701763786,-1.8433869933931692,>=40%,All Months,none,Afghanistan,-0.46700282374279783,0.5075403360131726,0.9175894464335809,-0.9787730059583192,-1.9575460119166384
ndvi_absolute,0.4326665879493195,-0.8642317331407965,-1.4028557149344032,-1.8677331190304551,none,Growing (Apr–Jul),none,Afghanistan,-0.4731009067422994,0.5353133441597757,0.9297548081921039,-0.9787730059583192,-1.9575460119166384
ndvi_absolute,0.3943107685135382,-0.8142427303328856,-1.3549464080275,-1.8102363793166938,none,Dormant (Aug–Mar),none,Afghanistan,-0.44436646544911246,0.5015236967753633,0.9105799425783876,-0.9787730059583192,-1.9575460119166384
conflict_events,12.0,31.5,32.25,37.875,none,All Months,none,Afghanistan,7.0,21.0,11.25,,
conflict_events,12.0,31.5,32.25,37.875,>=40%,All Months,none,Afghanistan,7.0,21.0,11.25,,
conflict_fatalities,19.5,104.0,76.5,94.75,none,All Months,none,Afghanistan,4.5,40.0,36.5,,
conflict_fatalities,19.5,104.0,76.5,94.75,>=40%,All Months,none,Afghanistan,4.5,40.0,36.5,,
Bread,18.525714285714283,49.55529865835756,49.709091941625196,59.62500487150213,none,All Months,YOY,Afghanistan,8.112676056338028,29.87726608187134,19.831825859753856,24.131663760512854,44.52957079088904
Bread,19.39837772397094,53.65294117647059,55.4017821648359,65.6867856070265,>=40%,All Months,YOY,Afghanistan,11.788145134779853,34.83177528045472,20.57000688438118,24.131663760512854,44.52957079088904
Bread,11.344345161542854,32.1586494313767,30.393135849657583,36.42303710781971,none,All Months,LTM,Afghanistan,5.357142857142857,18.33333333333333,12.059802516324254,16.845329865549544,33.462010532930414
Bread,13.460589939706267,39.377548459758415,36.086697329752965,42.78830168821123,>=40%,All Months,LTM,Afghanistan,6.601562500000005,22.68348861283644,13.403208716916524,16.845329865549544,33.462010532930414
Bread,7.1226809384989505,24.835419655314723,20.924210099363826,25.188086941701762,none,All Months,FIVE_YEAR,Afghanistan,2.5979245983653065,12.396456414687954,8.527753684675872,9.563314024146813,24.165504027135412
Bread,5.832859123103767,25.287827661120822,18.23719255520498,22.308017692148745,>=40%,All Months,FIVE_YEAR,Afghanistan,1.911261637018148,10.09554228131745,8.141650273887532,9.563314024146813,24.165504027135412
Bread,56.0,77.0,82.655,90.26750000000001,none,All Months,Nominal,Afghanistan,50.0,67.43,15.225000000000001,74.50886113680174,88.76798723477296
Bread,56.0,77.0,82.655,90.26750000000001,>=40%,All Months,Nominal,Afghanistan,50.0,67.43,15.225000000000001,74.50886113680174,88.76798723477296
Exchange rate,10.443935845575192,11.73511747513636,12.030448602977032,12.461587416069072,none,All Months,YOY,Afghanistan,10.016464471403815,11.168170976792954,0.8622776261840783,10.854987686227554,23.477352445897854
Exchange rate,10.480519480519472,12.047359296148626,12.282382154586633,12.71578102408774,>=40%,All Months,YOY,Afghanistan,10.175786085664768,11.415584415584423,0.8667977390022106,10.854987686227554,23.477352445897854
Exchange rate,12.873011391765939,13.7418739992974,13.84086955403826,14.156049777966249,none,All Months,LTM,Afghanistan,12.53379950249042,13.210509106182283,0.6303604478559777,14.763602489855051,27.067079002487656
Exchange rate,12.873011391765939,13.7418739992974,13.84086955403826,14.156049777966249,>=40%,All Months,LTM,Afghanistan,12.53379950249042,13.210509106182283,0.6303604478559777,14.763602489855051,27.067079002487656
Exchange rate,,,,,none,All Months,FIVE_YEAR,Afghanistan,,,,-13.929470729818872,-11.148460940126622
Exchange rate,77.0,77.39,77.3425,77.51375,none,All Months,Nominal,Afghanistan,77.0,77.0,0.34250000000000114,87.77455435371131,96.99082037989648
Exchange rate,77.0,77.39,77.3425,77.51375,>=40%,All Months,Nominal,Afghanistan,77.0,77.0,0.34250000000000114,87.77455435371131,96.99082037989648
Fuel (diesel),31.42043235640495,39.10379958383105,43.72877383553012,48.26052117531645,none,All Months,YOY,Afghanistan,24.07822205767411,34.665279155957464,9.063494679572656,58.83180523337117,100.11849510827494
Fuel (diesel),42.02253360962317,52.16627921202705,54.94899812719101,59.528545265750296,>=40%,All Months,YOY,Afghanistan,38.35594068888656,45.78990385007245,9.159094277118562,58.83180523337117,100.11849510827494
Fuel (diesel),6.949737261274485,15.93214962735778,15.851617226847399,17.848358569860203,none,All Months,LTM,Afghanistan,5.168194137108959,11.858134540821789,3.9934826860256107,29.066885759934923,56.13431306849318
Fuel (diesel),12.857765509225642,21.252496823251345,24.33012610109451,26.412370181409717,>=40%,All Months,LTM,Afghanistan,11.51000073265439,20.165637940464098,4.1644881606304125,29.066885759934923,56.13431306849318
Fuel (diesel),6.185474099136483,9.021855044966749,12.157532448179799,14.28989849914256,none,All Months,FIVE_YEAR,Afghanistan,4.103148784263816,7.892800346254278,4.264732101925521,9.463667279365971,17.922248502988015
Fuel (diesel),8.707833806538783,11.701112736351003,14.928532425041636,17.115976402292713,>=40%,All Months,FIVE_YEAR,Afghanistan,5.565692535713404,10.553644470539481,4.374887954502155,9.463667279365971,17.922248502988015
Fuel (diesel),62.87,66.818,68.0,69.89,none,All Months,Nominal,Afghanistan,61.34,64.22,3.780000000000001,82.29996511549454,99.92086919812523
Fuel (diesel),62.87,66.818,68.0,69.89,>=40%,All Months,Nominal,Afghanistan,61.34,64.22,3.780000000000001,82.29996511549454,99.92086919812523
Oil (cooking),25.23532175208641,35.49703023569576,45.90865643562828,52.687138314287324,none,All Months,YOY,Afghanistan,18.996648584604138,32.35169267831019,13.556963757318094,41.99537280309066,76.91016568115855
Oil (cooking),25.54553049289892,36.42420448855102,46.43326969010425,53.30485947663515,>=40%,All Months,YOY,Afghanistan,19.13012704174229,32.690090117042445,13.743179573061804,41.99537280309066,76.91016568115855
Oil (cooking),11.479139349511186,28.165539333934557,30.588063212888063,35.927497711644826,none,All Months,LTM,Afghanistan,4.43487415552218,19.909194215374534,10.67886899751353,35.27104989254991,62.49783484416409
Oil (cooking),21.1126738552899,33.95750719462813,41.9577734042156,48.366191334200884,>=40%,All Months,LTM,Afghanistan,10.406532822465163,29.140937544245045,12.81683585997056,35.27104989254991,62.49783484416409
Oil (cooking),5.734467672406835,12.203231840263662,15.68073740737215,18.904901932876978,none,All Months,FIVE_YEAR,Afghanistan,2.092071045668585,9.232408356362495,6.448329051009656,0.37965728945843047,9.734724119358676
Oil (cooking),6.979457786402479,15.79698767431142,16.100518739424437,19.224754411961058,>=40%,All Months,FIVE_YEAR,Afghanistan,3.6035760492779616,9.8520473943512,6.248471345073239,0.37965728945843047,9.734724119358676
Oil (cooking),115.66,129.6,129.85,135.1,none,All Months,Nominal,Afghanistan,109.55,119.35,10.5,157.58366740119735,189.81679276227516
Oil (cooking),115.66,129.6,129.85,135.1,>=40%,All Months,Nominal,Afghanistan,109.55,119.35,10.5,157.58366740119735,189.81679276227516
Pulses,8.080421536126766,19.74303343098891,24.194142502415865,29.142342756258632,none,All Months,YOY,Afghanistan,4.498153103169951,14.297741994730336,9.89640050768553,19.1975783375353,35.881121727556966
Pulses,11.193884889808679,23.075398074229092,29.145735879440696,34.58319665485225,>=40%,All Months,YOY,Afghanistan,7.326803798360245,18.27081432861759,10.874921550823107,19.1975783375353,35.881121727556966
Pulses,5.620690609547395,15.470965632866937,18.82377664398446,22.84536852531611,none,All Months,LTM,Afghanistan,3.09678050114873,10.780592881321152,8.043183762663308,12.180047511436848,24.39599624614567
Pulses,8.128608690488367,19.08865345955239,24.20305692261253,29.14601731072418,>=40%,All Months,LTM,Afghanistan,4.3946180689222025,14.317136146389227,9.885920776223301,12.180047511436848,24.39599624614567
Pulses,9.54814367089767,16.985105721883574,24.166190292195378,29.049921417662514,none,All Months,FIVE_YEAR,Afghanistan,3.944942934287456,14.398728041261105,9.767462250934273,5.162747734453376,16.60998708095316
Pulses,103.0,120.72999999999999,126.74000000000001,134.28500000000003,none,All Months,Nominal,Afghanistan,97.28,111.65,15.090000000000003,119.94485482278085,135.9036106272092
Pulses,103.0,120.72999999999999,126.74000000000001,134.28500000000003,>=40%,All Months,Nominal,Afghanistan,97.28,111.65,15.090000000000003,119.94485482278085,135.9036106272092
Rice (high quality),14.44532478486224,25.3939106162487,28.39595670262707,33.1457018196376,none,All Months,YOY,Afghanistan,8.635509191983562,18.896466468606015,9.499490234021057,27.480602755642163,47.937589540364186
Rice (high quality),19.7188498402556,27.285810227381734,34.5949658715439,39.827601078330744,>=40%,All Months,YOY,Afghanistan,13.468968822900292,24.1296954579702,10.465270413573698,27.480602755642163,47.937589540364186
Rice (high quality),10.19850753548261,19.581280788177338,24.60847096786146,28.477894928401753,none,All Months,LTM,Afghanistan,5.268354797267532,16.869623046780877,7.738847921080584,17.964281296216434,33.26399937016221
Rice (high quality),17.6488248716486,26.96629680009191,32.09519319458218,36.5217473699953,>=40%,All Months,LTM,Afghanistan,13.442607929424039,23.242084843755926,8.85310835082625,17.964281296216434,33.26399937016221
Rice (high quality),6.459856697169073,16.382878286378094,18.765226810103243,22.523143867179645,none,All Months,FIVE_YEAR,Afghanistan,3.506203944597479,11.249392695950448,7.515834114152797,28.720459755995183,45.424114481826194
Rice (high quality),12.542058243415713,19.4718161864288,24.0759782660545,27.8338953231309,>=40%,All Months,FIVE_YEAR,Afghanistan,9.044310037748906,16.560144151901703,7.515834114152797,28.720459755995183,45.424114481826194
Rice (high quality),98.97,114.96,116.0,121.63,none,All Months,Nominal,Afghanistan,91.32,104.74,11.260000000000005,120.49772450024561,137.66828297402944
Rice (high quality),98.97,114.96,116.0,121.63,>=40%,All Months,Nominal,Afghanistan,91.32,104.74,11.260000000000005,120.49772450024561,137.66828297402944
Rice (low quality),15.191016016016018,38.12980850199258,44.93612376860695,54.19105478859122,none,All Months,YOY,Afghanistan,8.040621969409031,26.4262617286384,18.509862039968546,33.871329368891054,60.94601317297002
Rice (low quality),18.497928436911494,50.45536959553695,60.263550709929106,73.17435372073211,>=40%,All Months,YOY,Afghanistan,9.00206378986867,34.44194468832309,25.821606021606016,33.871329368891054,60.94601317297002
Rice (low quality),9.514037185966476,27.153630581871685,33.2177610043082,40.133825455892904,none,All Months,LTM,Afghanistan,4.06333013963952,19.38563210113879,13.832128903169409,24.2584804561568,46.06529176973905
Rice (low quality),10.410610507869066,37.87331193763424,37.86214878074067,46.23813843996271,>=40%,All Months,LTM,Afghanistan,4.569957166392025,21.110169462296575,16.75197931844409,24.2584804561568,46.06529176973905
Rice (low quality),12.654119205273481,34.206888904855205,44.88315893943398,54.984382229689096,none,All Months,FIVE_YEAR,Afghanistan,5.0614545259228345,24.68071235892377,20.202446580510216,23.281423967429767,43.494042610954786
Rice (low quality),16.927248635646848,50.77953470863811,65.71183327138385,80.19001919164349,>=40%,All Months,FIVE_YEAR,Afghanistan,8.052176522002888,36.755461430864585,28.956371840519267,23.281423967429767,43.494042610954786
Rice (low quality),55.0,72.48,79.58,87.245,none,All Months,Nominal,Afghanistan,48.5,64.25,15.329999999999998,73.13407910165796,88.59598112889333
Rice (low quality),55.0,72.48,79.58,87.245,>=40%,All Months,Nominal,Afghanistan,48.5,64.25,15.329999999999998,73.13407910165796,88.59598112889333
Sugar,11.653673383711173,18.96174200405785,24.519414964837395,28.48514096577461,none,All Months,YOY,Afghanistan,7.189204204249845,16.587962962962962,7.931452001874434,21.298020366272453,39.16898385346685
Sugar,13.949098452209984,22.27992732483751,27.089501719330936,31.67205630125466,>=40%,All Months,YOY,Afghanistan,9.411733778706013,17.92439255548349,9.165109163847447,21.298020366272453,39.16898385346685
Sugar,9.978411735242531,16.02725818907571,19.73165404411473,22.855211849331155,none,All Months,LTM,Afghanistan,7.614105098304332,13.484538433681884,6.247115610432847,15.675044410625256,30.106515314454995
Sugar,11.320754716981135,17.296014363189887,20.28509007925311,23.604751247331585,>=40%,All Months,LTM,Afghanistan,8.207990654589612,13.64576774309616,6.63932233615695,15.675044410625256,30.106515314454995
Sugar,,,,,none,All Months,FIVE_YEAR,Afghanistan,,,,-5.404249758864338,-0.016743632162512512
Sugar,59.11,66.436,66.32,69.0,none,All Months,Nominal,Afghanistan,55.73,60.96,5.359999999999999,69.48131778392508,78.70911870912204
Sugar,59.11,66.436,66.32,69.0,>=40%,All Months,Nominal,Afghanistan,55.73,60.96,5.359999999999999,69.48131778392508,78.70911870912204
"Wage (non-qualified labour, non-agricultural)",17.1875,44.5,45.4305841770294,53.27087581480227,none,All Months,YOY,Afghanistan,11.781128506997556,29.750000901483684,15.680583275545722,19.450866133975307,37.162159676428544
"Wage (non-qualified labour, non-agricultural)",17.708333333333332,50.0,54.504703223697476,64.54114574463712,>=40%,All Months,YOY,Afghanistan,13.26044829145404,34.43181818181819,20.07288504187929,19.450866133975307,37.162159676428544
"Wage (non-qualified labour, non-agricultural)",9.810266185118294,20.632763736263733,25.641025641025635,30.12820512820512,none,All Months,LTM,Afghanistan,7.435897435897436,16.666666666666664,8.974358974358971,13.672131985239504,27.1574207879971
"Wage (non-qualified labour, non-agricultural)",9.090909090909092,36.06701359155084,31.716889115732624,38.134114640208146,>=40%,All Months,LTM,Afghanistan,7.6923076923076925,18.882438066781575,12.834451048951049,13.672131985239504,27.1574207879971
"Wage (non-qualified labour, non-agricultural)",11.11111111111111,24.27529680729132,26.706955919400464,31.800902691458372,none,All Months,FIVE_YEAR,Afghanistan,5.579591361441804,16.519062375284648,10.187893544115816,16.768809929310294,32.1256619978068
"Wage (non-qualified labour, non-agricultural)",11.11111111111111,24.170669571321277,26.37625116261655,31.428200893693408,>=40%,All Months,FIVE_YEAR,Afghanistan,5.526096653976996,16.272351700462835,10.103899462153716,16.768809929310294,32.1256619978068
"Wage (non-qualified labour, non-agricultural)",300.0,350.0,400.0,425.0,none,All Months,Nominal,Afghanistan,300.0,350.0,50.0,351.2017408786782,398.1547669836587
"Wage (non-qualified labour, non-agricultural)",300.0,350.0,400.0,425.0,>=40%,All Months,Nominal,Afghanistan,300.0,350.0,50.0,351.2017408786782,398.1547669836587
Wheat,13.908782510365622,27.995076923076937,31.386894132216618,36.53531750164247,none,All Months,YOY,Afghanistan,8.482894219425877,21.090047393364927,10.296846738851691,28.442791133085926,56.19064862601904
Wheat,16.843033509700177,33.33640699523052,38.46368187586276,44.966118246094304,>=40%,All Months,YOY,Afghanistan,9.237536656891496,25.458809135399676,13.004872740463085,28.442791133085926,56.19064862601904
Wheat,10.658625327243131,23.163978754009072,23.460432861647856,27.814772622775326,none,All Months,LTM,Afghanistan,7.346482601493745,14.751753339392916,8.70867952225494,32.26152943963301,57.964225677560314
Wheat,20.543515263908372,39.24591537494764,37.507907528355986,42.09258087739889,>=40%,All Months,LTM,Afghanistan,10.973767099355117,28.338560830270172,9.169346698085812,32.26152943963301,57.964225677560314
Wheat,,,,,none,All Months,FIVE_YEAR,Afghanistan,,,,-14.045148598836452,-6.7590578161307615
Wheat,29.48,33.956,35.16,37.24,none,All Months,Nominal,Afghanistan,27.0,31.0,4.16,39.76715099823605,47.73382580599591
Wheat,29.48,33.956,35.16,37.24,>=40%,All Months,Nominal,Afghanistan,27.0,31.0,4.16,39.76715099823605,47.73382580599591
Wheat flour (high quality),8.461222990826773,15.956901229024435,19.7352737145481,23.501275654243084,none,All Months,YOY,Afghanistan,3.955025205826579,12.203269835158125,7.532003879389974,25.584483409657405,51.13811067518025
Wheat flour (high quality),24.513505663665402,33.50219641409476,35.711300639658845,39.52409381663112,>=40%,All Months,YOY,Afghanistan,21.750000000000007,28.085714285714282,7.625586353944559,25.584483409657405,51.13811067518025
Wheat flour (high quality),11.154539987973521,26.17631843296113,23.585770649815768,27.1930314108716,none,All Months,LTM,Afghanistan,6.304963481889983,16.3712491277041,7.214521522111667,30.910919231930254,53.940099151191056
Wheat flour (high quality),26.50779641070905,34.80606060606061,38.606921094189744,42.37085654359901,>=40%,All Months,LTM,Afghanistan,20.058487305596177,31.07905019537122,7.527870898818527,30.910919231930254,53.940099151191056
Wheat flour (high quality),,,,,none,All Months,FIVE_YEAR,Afghanistan,,,,-15.509400760371774,-10.613770972038811
Wheat flour (high quality),34.0,37.856,37.75,38.91,none,All Months,Nominal,Afghanistan,33.0,35.43,2.3200000000000003,45.07972618691049,53.113635045609286
Wheat flour (high quality),34.0,37.856,37.75,38.91,>=40%,All Months,Nominal,Afghanistan,33.0,35.43,2.3200000000000003,45.07972618691049,53.113635045609286
Wheat flour (low quality),9.486208652395682,20.287674084506286,23.961376137532092,28.53066409763643,none,All Months,YOY,Afghanistan,5.9081695296879495,14.822800217323422,9.138575920208671,27.380105249622382,54.46043066453309
Wheat flour (low quality),15.672287725070834,25.31858317340015,30.584545159525465,35.47893975520332,>=40%,All Months,YOY,Afghanistan,10.867112747936222,20.79575596816975,9.788789191355715,27.380105249622382,54.46043066453309
Wheat flour (low quality),11.515764626538537,21.500476983277412,23.49589944623179,27.055867375760783,none,All Months,LTM,Afghanistan,5.767470247177299,16.3759635871738,7.119935859057989,31.908268796679508,56.48511139767899
Wheat flour (low quality),17.32258064516128,34.97376678800051,32.40728226204328,36.22241992428395,>=40%,All Months,LTM,Afghanistan,11.031250000000004,24.777006937561953,7.630275324481329,31.908268796679508,56.48511139767899
Wheat flour (low quality),,,,,none,All Months,FIVE_YEAR,Afghanistan,,,,-14.7936008707238,-8.89059358034948
Wheat flour (low quality),31.28,34.0,34.96,36.295,none,All Months,Nominal,Afghanistan,30.0,32.29,2.6700000000000017,41.3125408366687,49.09600783637625
Wheat flour (low quality),31.28,34.0,34.96,36.295,>=40%,All Months,Nominal,Afghanistan,30.0,32.29,2.6700000000000017,41.3125408366687,49.09600783637625
ToT (Labour/Cereal),-9.81207852104356,-33.60047876744287,-38.968616339389136,-45.897413810658186,none,All Months,YOY,Afghanistan,-25.11102139685103,-8.662316117458218,13.857594942538105,-30.642058423668587,-71.46910759379361
ToT (Labour/Cereal),-12.211529069859585,-39.31890670010236,-43.835894281012735,-51.134333302655165,>=40%,All Months,YOY,Afghanistan,-29.23901623772788,-11.135052825995672,14.596878043284853,-30.642058423668587,-71.46910759379361
ToT (Labour/Cereal),-6.127298244375202,-23.321799918729265,-25.33870155424647,-30.08758939120718,none,All Months,LTM,Afghanistan,-15.840925880325049,-6.112469437652819,9.49777567392142,-27.550340174142352,-55.615409936002784
ToT (Labour/Cereal),-13.298775789471394,-33.39989233882767,-38.423866164060044,-43.77478751083399,>=40%,All Months,LTM,Afghanistan,-27.722023470512163,-12.230678566151436,10.701842693547885,-27.550340174142352,-55.615409936002784
ToT (Labour/Cereal),-7.1744726175864475,-17.74800838606955,-23.362006486614213,-27.669358896492277,none,All Months,FIVE_YEAR,Afghanistan,-14.747301666858089,-7.068754726694094,8.614704819756124,0.45829719460518703,-21.702036361509425
percent_area_flooded,0.4442955585882352,1.8346854418700003,1.5377114765315518,1.8526126825120712,none,All Months,none,Afghanistan,0.18483401954545456,0.9079090645705128,0.6298024119610389,1.870348161581226,2.921522492926454
percent_area_flooded,0.4442955585882352,1.8346854418700003,1.5377114765315518,1.8526126825120712,>=40%,All Months,none,Afghanistan,0.18483401954545456,0.9079090645705128,0.6298024119610389,1.870348161581226,2.921522492926454
rainfall 1-month anomaly [%],80.94166433333334,65.58682133333333,56.933008125,49.55657472916667,none,All Months,none,Kenya,71.68587491666666,89.44910691666666,14.752866791666662,56.44643974301804,10.607793214230938
rainfall 1-month anomaly [%],78.12601016666666,62.4113942,53.383750708333324,45.50194106249999,>=40%,All Months,none,Kenya,69.14737,87.110515375,15.763619291666672,56.44643974301804,10.607793214230938
rainfall 1-month anomaly [%],72.83998825,59.00633745,48.344014708333326,39.99840143749999,none,Long Rains (Mar–May),none,Kenya,65.03524125,81.54043035416666,16.691226541666673,56.44643974301804,10.607793214230938
rainfall 1-month anomaly [%],76.40386858333333,60.72242653333333,50.394275187499986,42.295795645833316,none,Short Rains (Oct–Dec),none,Kenya,66.59123427083333,85.02677360416666,16.19695908333334,56.44643974301804,10.607793214230938
rainfall 3-month anomaly [%],81.74677716666667,68.14324375833334,60.522915125,53.931582479166664,none,All Months,none,Kenya,73.70558041666666,89.66185166666666,13.182665291666666,62.77412634221503,22.6172330881886
rainfall 3-month anomaly [%],80.104285,65.36166,57.98810945833333,51.07021320833333,>=40%,All Months,none,Kenya,71.82390195833332,87.52002166666665,13.835792499999997,62.77412634221503,22.6172330881886
rainfall 3-month anomaly [%],77.422976,64.21191306666667,55.51002916666667,48.90492366666667,none,Long Rains (Mar–May),none,Kenya,68.72024016666667,85.500057,13.210211000000001,62.77412634221503,22.6172330881886
rainfall 3-month anomaly [%],80.34602366666667,66.16058818333333,59.413050041666665,52.516657395833334,none,Short Rains (Oct–Dec),none,Kenya,73.20583533333333,88.75134825,13.792785291666661,62.77412634221503,22.6172330881886
rainfall-mm,-1.0,-2.0,,,none,All Months,none,Kenya,,,,,
conflict_events,1.0,3.0,3.0,3.5,none,All Months,none,Kenya,1.0,2.0,1.0,,
conflict_events,1.0,3.0,3.0,3.5,>=40%,All Months,none,Kenya,1.0,2.0,1.0,,
conflict_fatalities,2.5,8.3,8.0,9.5,none,All Months,none,Kenya,1.25,5.0,3.0,,
conflict_fatalities,2.5,8.3,8.0,9.5,>=40%,All Months,none,Kenya,1.25,5.0,3.0,,
10 day NDVI anomaly,93.98270566666667,88.40631783333333,86.0061304375,83.30845155208334,none,All Months,none,Kenya,91.40148820833333,96.85214583333334,5.3953577708333285,89.08313983125329,76.24205608152579
10 day NDVI anomaly,93.274838625,86.5218697,83.7712105,80.62118929166667,>=40%,All Months,none,Kenya,90.07125291666667,96.30697133333334,6.30004241666667,89.08313983125329,76.24205608152579
10 day NDVI anomaly,93.82348833333333,86.671805,84.41554724999999,81.58769441666665,none,Long Rains (Mar-May),none,Kenya,90.07125291666667,96.646809375,5.655705666666677,89.08313983125329,76.24205608152579
10 day NDVI anomaly,93.39488025,87.48864210833334,83.65449266666666,80.3505436875,none,Short Rains (Oct-Dec),none,Kenya,90.262390625,96.27668941666667,6.607897958333339,89.08313983125329,76.24205608152579
ndvi_absolute,0.2344947071389421,-0.7278908085737326,-1.1027193778185942,-1.4307965728455327,none,All Months,none,Kenya,-0.44656498776471687,0.29888687862289776,0.6561543900538773,-0.9790189125362847,-1.9580378250725694
ndvi_absolute,0.2344947071389421,-0.7278908085737326,-1.1027193778185942,-1.4307965728455327,>=40%,All Months,none,Kenya,-0.44656498776471687,0.29888687862289776,0.6561543900538773,-0.9790189125362847,-1.9580378250725694
ndvi_absolute,0.17292972348125096,-0.6154468418502997,-0.9175763442706562,-1.1730608248076553,none,Long Rains (Mar-May),none,Kenya,-0.40660738319665796,0.2131272172243806,0.5109689610739983,-0.9790189125362847,-1.9580378250725694
ndvi_absolute,0.32516769316757016,-0.8289367383789019,-1.1964846875920137,-1.575679624971808,none,Short Rains (Oct-Dec),none,Kenya,-0.4380948128324252,0.39260039045547235,0.7583898747595885,-0.9790189125362847,-1.9580378250725694
Goat,-7.038405174081808,-25.300768658566824,-31.306501989124868,-37.16012868813314,none,All Months,YOY,Kenya,-19.599248591108328,-6.013511467206868,11.70725339801654,-22.435369581818122,-58.66015792761271
Goat,-7.994722222222222,-26.982634443021766,-33.31336134871845,-39.756124901859614,>=40%,All Months,YOY,Kenya,-20.427834242436134,-6.939188352762505,12.88552710628232,-22.435369581818122,-58.66015792761271
Goat,-9.088879466900492,-27.855380651859747,-33.641318860687086,-39.574492669000136,none,All Months,LTM,Kenya,-21.774971244060993,-7.8595306074643165,11.866347616626093,-41.89837474891297,-89.18187806972698
Goat,-10.122499643225032,-30.386424491079108,-36.30126334955186,-42.51256713616522,>=40%,All Months,LTM,Kenya,-23.878655776325147,-8.922729059096238,12.422607573226713,-41.89837474891297,-89.18187806972698
Goat,-7.676050662626329,-25.54734321678727,-31.472374886441354,-37.564739409948004,none,All Months,FIVE_YEAR,Kenya,-19.28764583942806,-6.616964385738159,12.184729047013295,-6.0862552631198135,-37.853638358051214
Goat,-8.081014338686618,-26.640755549378007,-33.85294659644825,-40.46736087617128,>=40%,All Months,FIVE_YEAR,Kenya,-20.624118037002205,-7.18223356767626,13.228828559446047,-6.0862552631198135,-37.853638358051214
Goat,,,,,none,All Months,Nominal,Kenya,,,,1815.982462639519,281.0203316290572
Maize,14.285714285714285,38.43333333333333,44.717261904761905,53.79464285714286,none,All Months,YOY,Kenya,8.511904761904761,26.5625,18.154761904761905,56.60210867757855,101.1367971867377
Maize,22.900931377332512,51.0,60.333205243382864,71.89895947974316,>=40%,All Months,YOY,Kenya,13.175304878048781,37.20169677066229,23.13150847272058,56.60210867757855,101.1367971867377
Maize,12.145318129388482,27.656625146577202,30.36247585121473,36.44193422834645,none,All Months,LTM,Kenya,6.1963063437613535,18.203559096951295,12.158916754263434,40.46735915811525,75.16331535527074
Maize,17.44729843403489,34.9503887449093,39.123924708714256,46.35653053962872,>=40%,All Months,LTM,Kenya,9.612968861834823,24.658713046885325,14.46521166182893,40.46735915811525,75.16331535527074
Maize,13.311992656762062,27.42919278869236,33.79683614513932,40.57169721915199,none,All Months,FIVE_YEAR,Kenya,7.33383523502728,20.247113997114,13.549722148025328,43.01448884292661,72.23709321724658
Maize,14.37538805488841,31.815064926089686,35.53481516471797,42.519350377639256,>=40%,All Months,FIVE_YEAR,Kenya,8.356228243266749,21.56574473887541,13.969070425842563,43.01448884292661,72.23709321724658
Maize,44.0,62.900000000000006,65.1075,72.0075,none,All Months,Nominal,Kenya,38.0,51.3075,13.799999999999999,68.3651978801548,87.2397522906583
Maize,44.0,62.900000000000006,65.1075,72.0075,>=40%,All Months,Nominal,Kenya,38.0,51.3075,13.799999999999999,68.3651978801548,87.2397522906583
Sheep,,,,,none,All Months,LTM,Kenya,,,,27.00564245565733,58.98945423899666
ToT,-14.590065706054801,-38.70659736221492,-46.60197687409011,-54.84072576040457,none,All Months,YOY,Kenya,-30.124479101461198,-12.638496378553368,16.477497772628915,-43.66112618421807,-99.57927731807666
ToT,-15.882352935238753,-40.303030303030305,-48.132395421710754,-56.55277357991113,>=40%,All Months,YOY,Kenya,-31.291639105309986,-14.122137404580151,16.840756316400764,-43.66112618421807,-99.57927731807666
ToT,-11.77515724172947,-34.20660660063,-42.54781978178764,-50.532773504503226,none,All Months,LTM,Kenya,-26.577912336356466,-9.377818847650767,15.969907445431176,-29.14936508694796,-61.020644409737756
ToT,-12.523277934080692,-36.42211771320827,-44.94546121329007,-53.195468123537886,>=40%,All Months,LTM,Kenya,-28.445447392794456,-10.90980700712523,16.50001382049562,-29.14936508694796,-61.020644409737756
ToT,-11.396031137112484,-35.50378372692989,-43.88839975935471,-51.612132912935344,none,All Months,FIVE_YEAR,Kenya,-28.44093345219344,-9.980335661274115,15.447466307161267,-29.546696019383567,-68.74587204072839
ToT,-12.365072282203903,-37.6781647671952,-47.468052651922754,-55.73548084511042,>=40%,All Months,FIVE_YEAR,Kenya,-30.933196265547416,-10.738522889985127,16.53485638637534,-29.546696019383567,-68.74587204072839
ToT,,,,,none,All Months,Nominal,Kenya,,,,45.641445037472636,11.333669680581963
Beans,19.047619047619047,31.40435312881133,36.67206711794306,42.197115078661916,none,All Months,YOY,Kenya,12.339053767264081,25.621971196505356,11.050095921437705,34.85830546405343,59.88160419663349
Beans,19.047619047619047,31.40435312881133,36.67206711794306,42.197115078661916,>=40%,All Months,YOY,Kenya,12.339053767264081,25.621971196505356,11.050095921437705,34.85830546405343,59.88160419663349
Beans,13.989637305699482,25.331652560177684,29.00830622361878,33.69937522327864,none,All Months,LTM,Kenya,10.951711204875762,19.626168224299064,9.382137999319719,36.225851360218336,64.94337481079042
Beans,13.989637305699482,25.331652560177684,29.00830622361878,33.69937522327864,>=40%,All Months,LTM,Kenya,10.951711204875762,19.626168224299064,9.382137999319719,36.225851360218336,64.94337481079042
Beans,28.03363866863016,41.741538987701524,47.70108346832522,53.96084669903388,none,All Months,FIVE_YEAR,Kenya,19.665034431675096,35.18155700690792,12.519526461417303,53.26700408938311,80.21551530061595
Beans,28.03363866863016,41.741538987701524,47.70108346832522,53.96084669903388,>=40%,All Months,FIVE_YEAR,Kenya,19.665034431675096,35.18155700690792,12.519526461417303,53.26700408938311,80.21551530061595
Beans,96.0,109.0,115.0,121.5,none,All Months,Nominal,Kenya,90.0,102.0,13.0,130.06935055878557,158.88300969245037
Beans,96.0,109.0,115.0,121.5,>=40%,All Months,Nominal,Kenya,90.0,102.0,13.0,130.06935055878557,158.88300969245037
Diarrhoea,-0.005953130869759215,1.067422280126848,1.4201235371522052,1.8845946198561188,none,All Months,none,Kenya,-0.42525396959550665,0.4911813717443775,0.9289421654078276,0.9260957645396467,1.8521915290792934
Diarrhoea,-0.005953130869759215,1.067422280126848,1.4201235371522052,1.8845946198561188,>=40%,All Months,none,Kenya,-0.42525396959550665,0.4911813717443775,0.9289421654078276,0.9260957645396467,1.8521915290792934
Malaria,-0.5556057407209372,-0.4930130989563827,-0.47703632511765043,-0.45130948229394086,none,All Months,none,Kenya,-0.580673992431904,-0.5284900107650696,0.0514536856474192,0.9253093280558908,1.8506186561117817
Malaria,-0.5556057407209372,-0.4930130989563827,-0.47703632511765043,-0.45130948229394086,>=40%,All Months,none,Kenya,-0.580673992431904,-0.5284900107650696,0.0514536856474192,0.9253093280558908,1.8506186561117817
URTI,0.08602624786598875,0.892616818571718,1.3539624824591174,1.7572141375459007,none,All Months,none,Kenya,-0.3407505904578333,0.5474591722855506,0.8065033101735668,0.9260957645396467,1.8521915290792934
URTI,0.08602624786598875,0.892616818571718,1.3539624824591174,1.7572141375459007,>=40%,All Months,none,Kenya,-0.3407505904578333,0.5474591722855506,0.8065033101735668,0.9260957645396467,1.8521915290792934
rainfall-mm,-1.0,-2.0,,,none,All Months,none,South Sudan,,,,,
rainfall 3-month anomaly [%],91.63544666666667,79.51986686666666,76.34408099999999,71.63967766666664,none,All Months,none,South Sudan,85.75288766666667,95.56915966666668,9.408806666666678,79.13515547414849,57.80393336992938
rainfall 3-month anomaly [%],88.50339625,75.12068458333334,69.21964245833331,63.20686910416664,>=40%,All Months,none,South Sudan,81.24518916666666,94.31809275,12.025546708333344,79.13515547414849,57.80393336992938
rainfall 3-month anomaly [%],92.35009975,82.53499271666666,79.71312908333334,75.69733320833335,none,Main Rainy Season (May–Oct),none,South Sudan,87.74472083333335,95.92685820833333,8.031591749999997,79.13515547414849,57.80393336992938
rainfall 3-month anomaly [%],90.53458833333333,76.8335688,72.04894895833331,66.48398612499997,none,Dry Season (Nov–Apr),none,South Sudan,83.17887462499999,95.41263208333334,11.12992566666668,79.13515547414849,57.80393336992938
rainfall 1-month anomaly [%],91.88339916666666,77.17014333333333,73.190487,67.55563656250001,none,All Months,none,South Sudan,84.460187875,96.21140883333332,11.269700874999998,76.91006619113216,53.40929737326049
rainfall 1-month anomaly [%],89.15996,73.27768566666666,68.52383666666664,62.1836783333333,>=40%,All Months,none,South Sudan,81.20415333333332,94.83305558333333,12.680316666666684,76.91006619113216,53.40929737326049
rainfall 1-month anomaly [%],89.93025458333332,78.26813545,74.19795983333336,69.14131310416668,none,Main Rainy Season (May–Oct),none,South Sudan,84.31125329166667,94.88114566666667,10.113293458333324,76.91006619113216,53.40929737326049
rainfall 1-month anomaly [%],94.67632941666668,74.96163533333333,72.47576275,66.37837329166668,none,Dry Season (Nov–Apr),none,South Sudan,84.67054166666668,98.242659,12.194778916666671,76.91006619113216,53.40929737326049
ndvi_absolute,0.32698970610964817,-0.7568639678012296,-1.1843426543730253,-1.581416647243766,none,All Months,none,South Sudan,-0.3901946686315441,0.4255212506234641,0.7941479857414813,-0.978743563461688,-1.957487126923376
ndvi_absolute,0.32698970610964817,-0.7568639678012296,-1.1843426543730253,-1.581416647243766,>=40%,All Months,none,South Sudan,-0.3901946686315441,0.4255212506234641,0.7941479857414813,-0.978743563461688,-1.957487126923376
ndvi_absolute,0.4257715121539384,-0.8638595311886439,-1.1980568259536502,-1.6275048292421168,none,Main Growing Season (May–Oct),none,South Sudan,-0.3391608193767165,0.4815777930305061,0.8588960065769335,-0.978743563461688,-1.957487126923376
ndvi_absolute,0.2587866157344981,-0.6831127940227055,-1.1281729296348992,-1.4909695808707382,none,Dry Season (Nov–Apr),none,South Sudan,-0.402579627163221,0.3522324881260324,0.7255933024716782,-0.978743563461688,-1.957487126923376
10 day NDVI anomaly,97.23789316666667,92.35313816666667,91.04657233333333,89.21099683333333,none,All Months,none,South Sudan,94.71772333333332,98.72045125,3.6711509999999947,93.19299177849665,83.75073371134849
10 day NDVI anomaly,95.99803166666668,89.90234,88.56509416666667,86.14531583333334,>=40%,All Months,none,South Sudan,93.40465083333333,98.06975,4.839556666666667,93.19299177849665,83.75073371134849
10 day NDVI anomaly,97.90047225,93.29388650000001,92.59453333333332,90.97249291666665,none,Main Growing Season (May–Oct),none,South Sudan,95.83861416666666,98.988336375,3.244080833333335,93.19299177849665,83.75073371134849
10 day NDVI anomaly,96.324486,91.51528433333334,89.23252466666665,87.0180353333333,none,Dry Season (Nov–Apr),none,South Sudan,93.66150333333333,98.31583333333333,4.42897866666668,93.19299177849665,83.75073371134849
conflict_events,2.0,5.7,5.0,6.0,none,All Months,none,South Sudan,1.0,3.0,2.0,,
conflict_events,2.0,5.7,5.0,6.0,>=40%,All Months,none,South Sudan,1.0,3.0,2.0,,
conflict_fatalities,2.0,17.350000000000012,14.0,17.375,none,All Months,none,South Sudan,0.75,7.25,6.75,,
conflict_fatalities,2.0,17.350000000000012,14.0,17.375,>=40%,All Months,none,South Sudan,0.75,7.25,6.75,,
Fuel (diesel),189.44444444444446,1245.414547475692,638.6630666731526,703.1576130882822,none,All Months,YOY,South Sudan,145.4185525823113,509.67397384289313,128.98909283025938,7022.840420636164,12790.917883752265
Fuel (diesel),189.44444444444446,1245.414547475692,638.6630666731526,703.1576130882822,>=40%,All Months,YOY,South Sudan,145.4185525823113,509.67397384289313,128.98909283025938,7022.840420636164,12790.917883752265
Fuel (diesel),378.4407008700552,2188.672241869257,2221.918739940951,2713.210860482829,none,All Months,LTM,South Sudan,93.34390445768179,1239.3344988571953,982.584241083756,4916.760366276371,9175.263428659993
Fuel (diesel),378.4407008700552,2188.672241869257,2221.918739940951,2713.210860482829,>=40%,All Months,LTM,South Sudan,93.34390445768179,1239.3344988571953,982.584241083756,4916.760366276371,9175.263428659993
Fuel (diesel),530.661813417893,1219.3294514183176,888.8852606900693,942.1369772955283,none,All Months,FIVE_YEAR,South Sudan,458.32248008972283,782.3818274791515,106.50343321091783,1227.4699526737159,1847.8095483501838
Fuel (diesel),530.661813417893,1219.3294514183176,888.8852606900693,942.1369772955283,>=40%,All Months,FIVE_YEAR,South Sudan,458.32248008972283,782.3818274791515,106.50343321091783,1227.4699526737159,1847.8095483501838
Fuel (diesel),860.0,1118.335,1070.6275,1150.44125,none,All Months,Nominal,South Sudan,750.0,911.0,159.62750000000005,6784.66737776867,10971.545127759562
Fuel (diesel),860.0,1118.335,1070.6275,1150.44125,>=40%,All Months,Nominal,South Sudan,750.0,911.0,159.62750000000005,6784.66737776867,10971.545127759562
"Fuel (diesel, parallel market)",90.09661835748793,222.72235941211764,231.26544646665832,270.0483780333208,none,All Months,YOY,South Sudan,62.46020021199022,153.69958333333332,77.56586313332498,453.56425279347934,713.2438866202743
"Fuel (diesel, parallel market)",90.09661835748793,222.72235941211764,231.26544646665832,270.0483780333208,>=40%,All Months,YOY,South Sudan,62.46020021199022,153.69958333333332,77.56586313332498,453.56425279347934,713.2438866202743
"Fuel (diesel, parallel market)",259.3486131386861,656.704323313311,730.4843007923008,858.2179986472458,none,All Months,LTM,South Sudan,86.11378977820637,475.0169050824109,255.4673957098899,426.0621923662603,737.7163214359273
"Fuel (diesel, parallel market)",283.30734578906834,666.8642312586051,859.7477514277246,1047.3139348338943,>=40%,All Months,LTM,South Sudan,87.55240322753673,484.6153846153846,375.1323668123399,426.0621923662603,737.7163214359273
"Fuel (diesel, parallel market)",503.7562253425238,599.3447741884582,773.2391062816071,870.4083508872457,none,All Months,FIVE_YEAR,South Sudan,406.3746994061332,578.90061707033,194.33848921127708,819.8405354526622,1138.0045759986065
"Fuel (diesel, parallel market)",503.7562253425238,599.3447741884582,773.2391062816071,870.4083508872457,>=40%,All Months,FIVE_YEAR,South Sudan,406.3746994061332,578.90061707033,194.33848921127708,819.8405354526622,1138.0045759986065
"Fuel (diesel, parallel market)",1093.75,1520.846,1643.84,1861.3225,none,All Months,Nominal,South Sudan,1019.8125,1208.875,434.965,10251.458324036503,16171.429684020717
"Fuel (diesel, parallel market)",1093.75,1520.846,1643.84,1861.3225,>=40%,All Months,Nominal,South Sudan,1019.8125,1208.875,434.965,10251.458324036503,16171.429684020717
"Fuel (petrol-gasoline, parallel market)",87.50021306842395,227.7185867014342,241.2466774794034,287.60786344132725,none,All Months,YOY,South Sudan,60.42809050825173,148.52430555555554,92.72237192384783,428.1825627146321,666.5167110015478
"Fuel (petrol-gasoline, parallel market)",87.50021306842395,227.7185867014342,241.2466774794034,287.60786344132725,>=40%,All Months,YOY,South Sudan,60.42809050825173,148.52430555555554,92.72237192384783,428.1825627146321,666.5167110015478
"Fuel (petrol-gasoline, parallel market)",214.24917397017362,383.33336363636363,472.03621749179047,545.1843333600968,none,All Months,LTM,South Sudan,57.66210228894525,325.7399857551776,146.29623173661287,402.13634187431524,698.756819148691
"Fuel (petrol-gasoline, parallel market)",258.62643810526544,490.1960000000001,551.9233264186687,633.2587526984244,>=40%,All Months,LTM,South Sudan,79.04624186804375,389.25247385915725,162.6708525595114,402.13634187431524,698.756819148691
"Fuel (petrol-gasoline, parallel market)",392.5578782846198,809.6471159689718,657.3308423327561,728.4289811127475,none,All Months,FIVE_YEAR,South Sudan,358.66915658807375,515.1345647727735,142.19627755998263,813.5690645362008,1126.2974063466258
"Fuel (petrol-gasoline, parallel market)",392.5578782846198,809.6471159689718,657.3308423327561,728.4289811127475,>=40%,All Months,FIVE_YEAR,South Sudan,358.66915658807375,515.1345647727735,142.19627755998263,813.5690645362008,1126.2974063466258
"Fuel (petrol-gasoline, parallel market)",1351.6675,1938.769,2377.1525,2699.3224999999998,none,All Months,Nominal,South Sudan,1200.33375,1732.8125,644.3399999999999,11937.564170219524,18781.541868454246
"Fuel (petrol-gasoline, parallel market)",1351.6675,1938.769,2377.1525,2699.3224999999998,>=40%,All Months,Nominal,South Sudan,1200.33375,1732.8125,644.3399999999999,11937.564170219524,18781.541868454246
Rice,79.84849618122074,171.19355689277901,198.12905178288517,233.53654912368216,none,All Months,YOY,South Sudan,48.04075146149043,127.31405710129116,70.81499468159402,420.76022521847113,669.9031461928914
Rice,79.84849618122074,171.19355689277901,198.12905178288517,233.53654912368216,>=40%,All Months,YOY,South Sudan,48.04075146149043,127.31405710129116,70.81499468159402,420.76022521847113,669.9031461928914
Rice,290.2439024390244,512.4740859442991,654.0366561860754,770.6584607392249,none,All Months,LTM,South Sudan,106.06060606060606,420.79304707977644,233.243609106299,484.51726140601335,828.5195678802099
Rice,344.30642857142857,678.2101167315175,783.5427453580065,912.8141180370098,>=40%,All Months,LTM,South Sudan,113.32322797465669,525.0,258.5427453580065,484.51726140601335,828.5195678802099
Rice,442.3480361002522,626.4860468718452,695.3908462605733,766.6637003921244,none,All Months,FIVE_YEAR,South Sudan,387.8143029133488,552.8451379974712,142.54570826310214,785.3783339699828,1076.1670172787813
Rice,442.3480361002522,626.4860468718452,695.3908462605733,766.6637003921244,>=40%,All Months,FIVE_YEAR,South Sudan,387.8143029133488,552.8451379974712,142.54570826310214,785.3783339699828,1076.1670172787813
Rice,750.0,997.5,1165.365,1285.5125,none,All Months,Nominal,South Sudan,674.0262500000001,925.0699999999999,240.29500000000007,7375.676864959325,11398.550573288738
Rice,750.0,997.5,1165.365,1285.5125,>=40%,All Months,Nominal,South Sudan,674.0262500000001,925.0699999999999,240.29500000000007,7375.676864959325,11398.550573288738
Sorghum (local),248.1888190848129,2672.893185480838,2117.8538879078833,2386.8604151951586,none,All Months,YOY,South Sudan,170.35505583609125,1579.8408333333334,538.0130545745501,2714.5553810668835,4232.72800737987
Sorghum (local),248.1888190848129,2672.893185480838,2117.8538879078833,2386.8604151951586,>=40%,All Months,YOY,South Sudan,170.35505583609125,1579.8408333333334,538.0130545745501,2714.5553810668835,4232.72800737987
Sorghum (local),50.91761142294112,155.1626310993601,155.6220025551478,187.8481459031339,none,All Months,LTM,South Sudan,26.706614140347973,91.16971585917557,64.45228669597222,544.4493342838261,1019.8620183639948
Sorghum (local),50.91761142294112,155.1626310993601,155.6220025551478,187.8481459031339,>=40%,All Months,LTM,South Sudan,26.706614140347973,91.16971585917557,64.45228669597222,544.4493342838261,1019.8620183639948
Sorghum (local),7000.0,8806.668,9879.165,10810.415,none,All Months,Nominal,South Sudan,5583.335,8016.665,1862.5,14480.459211317859,20805.508716969787
Sorghum (local),7000.0,8806.668,9879.165,10810.415,>=40%,All Months,Nominal,South Sudan,5583.335,8016.665,1862.5,14480.459211317859,20805.508716969787
"Beans (fava, dry)",230.43318156887676,544.6046151633989,627.4307168302203,727.4625734752299,none,All Months,YOY,South Sudan,95.89845942083804,427.36700354020104,200.0637132900192,688.0322056837326,1064.628185536989
"Beans (fava, dry)",230.43318156887676,544.6046151633989,627.4307168302203,727.4625734752299,>=40%,All Months,YOY,South Sudan,95.89845942083804,427.36700354020104,200.0637132900192,688.0322056837326,1064.628185536989
"Beans (fava, dry)",190.60585370166737,666.5698919516294,707.8416815297045,863.5872311228964,none,All Months,LTM,South Sudan,79.18724741805119,396.35058234332075,311.49109918638374,345.68768009787675,607.4404886767054
"Beans (fava, dry)",190.60585370166737,666.5698919516294,707.8416815297045,863.5872311228964,>=40%,All Months,LTM,South Sudan,79.18724741805119,396.35058234332075,311.49109918638374,345.68768009787675,607.4404886767054
"Beans (fava, dry)",,,,,none,All Months,FIVE_YEAR,South Sudan,,,,,
"Beans (fava, dry)",2031.25,2949.619,3135.49,3507.2625,none,All Months,Nominal,South Sudan,1917.3912500000001,2391.9449999999997,743.5450000000001,13131.9918815261,20079.474382521228
"Beans (fava, dry)",2031.25,2949.619,3135.49,3507.2625,>=40%,All Months,Nominal,South Sudan,1917.3912500000001,2391.9449999999997,743.5450000000001,13131.9918815261,20079.474382521228
"Sorghum (red, local)",159.27007923388243,315.7476923076923,327.5496488832194,384.1283988832194,none,All Months,YOY,South Sudan,85.71428571428571,214.39214888321936,113.15750000000003,256.89013266386735,392.8486149612312
"Sorghum (red, local)",159.27007923388243,315.7476923076923,327.5496488832194,384.1283988832194,>=40%,All Months,YOY,South Sudan,85.71428571428571,214.39214888321936,113.15750000000003,256.89013266386735,392.8486149612312
"Sorghum (red, local)",53.66733523769012,115.94936708860757,124.15747892398522,145.53035901097786,none,All Months,LTM,South Sudan,40.685882352941164,81.41171874999999,42.74576017398523,67.65123973054031,125.31105719734924
"Sorghum (red, local)",53.66733523769012,115.94936708860757,124.15747892398522,145.53035901097786,>=40%,All Months,LTM,South Sudan,40.685882352941164,81.41171874999999,42.74576017398523,67.65123973054031,125.31105719734924
"Sorghum (red, local)",987.5,1456.296,1588.7975000000001,1786.7137500000001,none,All Months,Nominal,South Sudan,804.165,1192.9650000000001,395.8325,2647.8442455468876,3704.3044714859316
"Sorghum (red, local)",987.5,1456.296,1588.7975000000001,1786.7137500000001,>=40%,All Months,Nominal,South Sudan,804.165,1192.9650000000001,395.8325,2647.8442455468876,3704.3044714859316
"Wage (non-qualified labour, agricultural)",82.71208333333334,178.67144230769233,188.9425070492619,222.47626057389286,none,All Months,YOY,South Sudan,50.0,121.875,67.0675070492619,184.46570828146648,287.5042795898145
"Wage (non-qualified labour, agricultural)",82.71208333333334,178.67144230769233,188.9425070492619,222.47626057389286,>=40%,All Months,YOY,South Sudan,50.0,121.875,67.0675070492619,184.46570828146648,287.5042795898145
"Wage (non-qualified labour, agricultural)",35.59310572198118,111.00396926766558,114.01314682248992,136.17440981983214,none,All Months,LTM,South Sudan,20.395738136762258,69.69062082780545,44.32252599468447,67.50989716818475,125.09609176826571
"Wage (non-qualified labour, agricultural)",36.05107630882723,111.66666666666667,119.34414254452713,141.9792138167907,>=40%,All Months,LTM,South Sudan,20.791476273524516,74.07400000000001,45.27014254452712,67.50989716818475,125.09609176826571
"Wage (non-qualified labour, agricultural)",2000.0,3447.0600000000004,3991.67,4575.005,none,All Months,Nominal,South Sudan,1425.0,2825.0,1166.67,4436.142750741248,6130.765011286418
"Wage (non-qualified labour, agricultural)",2000.0,3447.0600000000004,3991.67,4575.005,>=40%,All Months,Nominal,South Sudan,1425.0,2825.0,1166.67,4436.142750741248,6130.765011286418
Cowpeas,74.29452200378158,228.22117795869457,246.43023760774787,294.6453564116218,none,All Months,YOY,South Sudan,46.35410690444725,150.0,96.43023760774786,268.8748647869756,423.14830286559067
Cowpeas,74.29452200378158,228.22117795869457,246.43023760774787,294.6453564116218,>=40%,All Months,YOY,South Sudan,46.35410690444725,150.0,96.43023760774786,268.8748647869756,423.14830286559067
Cowpeas,44.12718364617973,106.77001771432764,120.29148202184595,144.72293731848322,none,All Months,LTM,South Sudan,28.022296286830645,71.42857142857143,48.86291059327453,66.32174494663113,124.55265539584052
Cowpeas,44.12718364617973,106.77001771432764,120.29148202184595,144.72293731848322,>=40%,All Months,LTM,South Sudan,28.022296286830645,71.42857142857143,48.86291059327453,66.32174494663113,124.55265539584052
Cowpeas,2153.0,3152.5,4153.625,4789.8125,none,All Months,Nominal,South Sudan,1483.335,2881.25,1272.375,4148.4129579046585,5789.843756718408
Cowpeas,2153.0,3152.5,4153.625,4789.8125,>=40%,All Months,Nominal,South Sudan,1483.335,2881.25,1272.375,4148.4129579046585,5789.843756718408
Sorghum flour,138.26666666666668,225.42983147742348,235.2558744713997,267.4523117070995,none,All Months,YOY,South Sudan,107.82793360940838,170.863,64.3928744713997,256.9706499245675,403.4474641529038
Sorghum flour,138.26666666666668,225.42983147742348,235.2558744713997,267.4523117070995,>=40%,All Months,YOY,South Sudan,107.82793360940838,170.863,64.3928744713997,256.9706499245675,403.4474641529038
Sorghum flour,74.4339965214761,152.87204545454549,195.64994283056564,231.1351927601989,none,All Months,LTM,South Sudan,45.82413883645562,124.6794429712991,70.97049985926654,74.67526261269359,136.13843248299665
Sorghum flour,74.4339965214761,152.87204545454549,195.64994283056564,231.1351927601989,>=40%,All Months,LTM,South Sudan,45.82413883645562,124.6794429712991,70.97049985926654,74.67526261269359,136.13843248299665
Sorghum flour,575.0,825.0,875.3375,981.755,none,All Months,Nominal,South Sudan,500.0,662.5024999999999,212.83500000000004,1657.664354988332,2380.4872969331855
Sorghum flour,575.0,825.0,875.3375,981.755,>=40%,All Months,Nominal,South Sudan,500.0,662.5024999999999,212.83500000000004,1657.664354988332,2380.4872969331855
percent_area_flooded,1.26664484975,12.500030381050008,11.85340135309375,14.760781386890624,none,All Months,none,South Sudan,0.18955308237500001,6.0386412855,5.81476006759375,12.787808930769302,20.95229824578386
percent_area_flooded,1.26664484975,12.500030381050008,11.85340135309375,14.760781386890624,>=40%,All Months,none,South Sudan,0.18955308237500001,6.0386412855,5.81476006759375,12.787808930769302,20.95229824578386
Exchange rate,,,,,none,All Months,YOY,South Sudan,,,,,
Exchange rate,,,,,none,All Months,LTM,South Sudan,,,,23.27356330677665,46.5471266135533
Exchange rate,,,,,none,All Months,Nominal,South Sudan,,,,4853.841178514238,6010.153690361809
